{"loss": [0.9370326399803162, 0.6462074518203735, 0.4088453948497772, 0.30780157446861267, 0.26279065012931824, 0.23077204823493958, 0.19566714763641357, 0.17594991624355316, 0.165456160902977, 0.1416424661874771, 0.14176681637763977, 0.13147060573101044, 0.11889822781085968, 0.11463025212287903, 0.1088569238781929, 0.10543724149465561, 0.10368504375219345, 0.10064839571714401, 0.09741505980491638, 0.09122597426176071, 0.08132384717464447, 0.08317877352237701, 0.08304814249277115, 0.07732666283845901, 0.07764695584774017, 0.07511540502309799],
  "val_loss": [0.584242582321167, 0.2818085551261902, 0.2094973623752594, 0.19250275194644928, 0.13843806087970734, 0.12996870279312134, 0.13208363950252533, 0.10237915813922882, 0.09752649068832397, 0.09393544495105743, 0.07987883687019348, 0.09073387831449509, 0.07099800556898117, 0.07694900780916214, 0.06834518909454346, 0.06548221409320831, 0.06408648192882538, 0.057517360895872116, 0.07587374001741409, 0.06281458586454391, 0.047199830412864685, 0.06586230546236038, 0.03726852312684059, 0.060289692133665085, 0.05866198614239693, 0.056905597448349],
  "accuracy": [0.5383264422416687, 0.7227057814598083, 0.8375324606895447, 0.8784289956092834, 0.8972262740135193, 0.9141132235527039, 0.9281670451164246, 0.9360465407371521, 0.9395654797554016, 0.9469813108444214, 0.9480539560317993, 0.9505822658538818, 0.9570825099945068, 0.9554702639579773, 0.9602303504943848, 0.9630456566810608, 0.9617368578910828, 0.9643544554710388, 0.9650695323944092, 0.9663832783699036, 0.9695518016815186, 0.9714152812957764, 0.9696286916732788, 0.9722697138786316, 0.9701724648475647, 0.9722697138786316],
  "val_accuracy": [0.77513587474823, 0.8885869383811951, 0.91847825050354, 0.9227086305618286, 0.9487004280090332, 0.9507523775100708, 0.9496551752090454, 0.9627586007118225, 0.9682758450508118, 0.9655870199203491, 0.970310389995575, 0.9682860970497131, 0.9755101799964905, 0.9721088409423828, 0.9795918464660645, 0.9822695255279541, 0.9780141711235046, 0.9829787015914917, 0.9729323387145996, 0.9819548726081848, 0.9834586381912231, 0.984375, 0.987500011920929, 0.98046875, 0.984375, 0.985156238079071],
  "mse": [0.18753671646118164, 0.12613452970981598, 0.07762759178876877, 0.058140166103839874, 0.049198877066373825, 0.04256168007850647, 0.03594273328781128, 0.03207244724035263, 0.030191780999302864, 0.025987820699810982, 0.0260089710354805, 0.024137290194630623, 0.02152279019355774, 0.021359018981456757, 0.019929444417357445, 0.01907983422279358, 0.019085710868239403, 0.018397610634565353, 0.017674071714282036, 0.01676703430712223, 0.015126447193324566, 0.014875846914947033, 0.014900690875947475, 0.01415613666176796, 0.014233955182135105, 0.013811877928674221],
  "val_mse": [0.11288070678710938, 0.0534089095890522, 0.04004894942045212, 0.03756774589419365, 0.025637680664658546, 0.0238754004240036, 0.024216966703534126, 0.01858777552843094, 0.01649951934814453, 0.016176089644432068, 0.013437403365969658, 0.015673182904720306, 0.011501922272145748, 0.013308713212609291, 0.010539417155086994, 0.009918204508721828, 0.00994805246591568, 0.008408527821302414, 0.012150281108915806, 0.009181139059364796, 0.007761387154459953, 0.009184903465211391, 0.006548689212650061, 0.008757440373301506, 0.008104821667075157, 0.0075054713524878025],
  "recall": [0.3101236820220947, 0.6575049757957458, 0.8188273310661316, 0.8662031292915344, 0.8866050243377686, 0.9057079553604126, 0.9223531484603882, 0.9314565658569336, 0.9348990321159363, 0.9423843026161194, 0.9434569478034973, 0.9470579028129578, 0.9539347290992737, 0.9530901908874512, 0.9580805897712708, 0.9604280591011047, 0.9600431323051453, 0.9618908166885376, 0.9631375670433044, 0.9642194509506226, 0.9676970839500427, 0.9697063565254211, 0.9686965942382812, 0.9706385135650635, 0.9690849781036377, 0.970483124256134],
  "val_recall": [0.6854619383811951, 0.875, 0.9116848111152649, 0.9199726581573486, 0.9425444602966309, 0.9459644556045532, 0.9468965530395508, 0.9599999785423279, 0.9641379117965698, 0.9642375111579895, 0.970310389995575, 0.9676113128662109, 0.9734693765640259, 0.9707483053207397, 0.9789115786552429, 0.9794326424598694, 0.9765957593917847, 0.9815602898597717, 0.9721804261207581, 0.981203019618988, 0.9834586381912231, 0.983593761920929, 0.985156238079071, 0.98046875, 0.983593761920929, 0.985156238079071],
  "precision": [0.6564317941665649, 0.7651710510253906, 0.854854166507721, 0.8906348347663879, 0.906838595867157, 0.9215518832206726, 0.9330598711967468, 0.9413947463035583, 0.9435608386993408, 0.9509819149971008, 0.9519171118736267, 0.9540017247200012, 0.9600525498390198, 0.9594991207122803, 0.9627372026443481, 0.9654078483581543, 0.9649462103843689, 0.9659064412117004, 0.9674739837646484, 0.9681098461151123, 0.9716768860816956, 0.9728044867515564, 0.9713373184204102, 0.9738913774490356, 0.9716510772705078, 0.9740391373634338],
  "val_precision": [0.8163430690765381, 0.9025928378105164, 0.9274360537528992, 0.9269469380378723, 0.9523151516914368, 0.952479362487793, 0.952810525894165, 0.9639889001846313, 0.9708333611488342, 0.968157172203064, 0.970965564250946, 0.9702300429344177, 0.9767917990684509, 0.9733970165252686, 0.9809134006500244, 0.9829181432723999, 0.9800711870193481, 0.9829545617103577, 0.9743782877922058, 0.983421266078949, 0.9834586381912231, 0.984362781047821, 0.9874706268310547, 0.9812353253364563, 0.9851329922676086, 0.9859265089035034],
  "auc": [0.7334957718849182, 0.886182963848114, 0.9544519782066345, 0.973883330821991, 0.9807826280593872, 0.9850238561630249, 0.9889293909072876, 0.9909378290176392, 0.9918680787086487, 0.9940170645713806, 0.9941242933273315, 0.9948525428771973, 0.9956859946250916, 0.9960415959358215, 0.9962629675865173, 0.9963576197624207, 0.9966709017753601, 0.9967678189277649, 0.9970372319221497, 0.9973596930503845, 0.997958779335022, 0.9976736903190613, 0.9977504014968872, 0.9980807900428772, 0.9981200695037842, 0.9981939196586609],
  "val_auc": [0.9140175580978394, 0.9784805774688721, 0.9880006909370422, 0.9897418022155762, 0.9945657253265381, 0.9944237470626831, 0.9948715567588806, 0.9968870282173157, 0.9970048069953918, 0.9969774484634399, 0.9977700114250183, 0.9967257380485535, 0.9981155395507812, 0.997901439666748, 0.9979733824729919, 0.9981104731559753, 0.9981583952903748, 0.9985232353210449, 0.9978756308555603, 0.9981723427772522, 0.9989451169967651, 0.99810791015625, 0.9995816349983215, 0.9981873035430908, 0.9982447028160095, 0.9983206391334534],
  "f1_score": [0.42123820105193754, 0.7072640065612166, 0.8364530009167919, 0.8782491006157, 0.8966076728605047, 0.9135612289913468, 0.9276756180781759, 0.936399287881674, 0.9392099650866181, 0.9466635882991757, 0.947668148505949, 0.9505171322435071, 0.9569838620450709, 0.9562839179009215, 0.9604032517256688, 0.9629115154082366, 0.9624884271089793, 0.9638944466533954, 0.9653009053124313, 0.9661607322297407, 0.9696829015267505, 0.9712529510188442, 0.970015159086483, 0.9722622247662945, 0.970366331200599, 0.9722578793095391],
  "val_f1_score": [0.7451994096896847, 0.8885822628054352, 0.9194929812813686, 0.9234466300690856, 0.9474046151013343, 0.9492107304136287, 0.9498443340805873, 0.9619903043354542, 0.9674740525689367, 0.9661933663687438, 0.9706378665636813, 0.9689189084708537, 0.9751277578128943, 0.9720708566157422, 0.9799114672931523, 0.9811722974165334, 0.9783303866820228, 0.9822569310079466, 0.9732781161524178, 0.9823108905440385, 0.9834586381912231, 0.9839781212294266, 0.9863120747742489, 0.9808518878908601, 0.9843627753779425, 0.9855412229859003],
  "batch_size": [32, 32, 32, 43, 43, 43, 58, 58, 58, 78, 78, 78, 105, 105, 105, 141, 141, 141, 190, 190, 190, 256, 256, 256, 256, 256],